{"cameraMode":{"drawMode":0,"name":"Shaded","section":"Shading Mode"},"sceneLighting":true,"audioPlay":false,"sceneViewState":{"showFog":true,"showMaterialUpdate":false,"showSkybox":true,"showFlares":true,"showImageEffects":true,"showParticleSystems":true,"showVisualEffectGraphs":true,"m_FxEnabled":true},"in2DMode":false,"pivot":{"x":1.2243218421936036,"y":1.046438217163086,"z":40.1335563659668},"rotation":{"x":0.003849862376227975,"y":0.9846044778823853,"z":-0.17338567972183228,"w":0.021862799301743509},"size":7.721530914306641,"orthographic":false}